{
  "datas": [
    {
      "id": "1",
      "username": "gayathri",
      "email": "gayathri@123.com",
      "password": "12345",
      "addtocard": [],
      "address": [
        {
          "firstname": "dhiya",
          "lastname": "yazhini",
          "address": "no. 33 t.na sambandham street,mohalinga nagar, kundrathur",
          "city": "Chennai",
          "state": "Tamilnadu",
          "pincode": "600069",
          "phoneno": "08934873597"
        },
        {
          "firstname": "dhiya",
          "lastname": "yazhini",
          "address": "no. 33 tna sambandham stree mohaligam nagar",
          "city": "chenai",
          "state": "tamilnadu",
          "pincode": "600069",
          "phoneno": "08645783467"
        },
        {
          "firstname": "mithu",
          "lastname": "dev",
          "address": "no.23 l street",
          "city": "Chennai",
          "state": "Tamilnadu",
          "pincode": "600021",
          "phoneno": "7584993775"
        }
      ],
      "orderdetails": [
        {
          "data": "21/06/2025",
          "products": [
            {
              "id": "2",
              "product_type": "Phone",
              "img_link": "../public/images/image2.jpg",
              "price": "13,500",
              "productname": "One Plus",
              "count": 3
            }
          ]
        },
        {
          "data": "21/06/2025",
          "products": [
            {
              "id": "2",
              "product_type": "Phone",
              "img_link": "../public/images/image2.jpg",
              "price": "13,500",
              "productname": "One Plus",
              "count": 3
            }
          ]
        },
        {
          "data": "21/06/2025",
          "products": [
            {
              "id": "1",
              "product_type": "Phone",
              "img_link": "../public/images/image.png",
              "price": "11,000",
              "productname": "Vivo V20",
              "count": 2
            }
          ],
          "address": {
            "firstname": "dhiya",
            "lastname": "yazhini",
            "address": "no. 33 tna sambandham stree mohaligam nagar",
            "city": "chenai",
            "pincode": "600069",
            "state": "tamilnadu",
            "phoneno": "08645783467"
          }
        }
      ]
    },
    {
      "id": "b6ec",
      "username": "kamal",
      "email": "kamal@gmail.com",
      "password": "kamal1234",
      "addtocard": [
        {
          "id": "2",
          "product_type": "Phone",
          "img_link": "../public/image/phone7.jfif",
          "price": "13,500",
          "productname": "One Plus",
          "count": 1
        }
      ],
      "orderdetails": [
        {
          "data": "2025-06-19T01:46:05.098Z",
          "products": [
            {
              "id": "4",
              "product_type": "Phone",
              "img_link": "../public/image/phone2.jfif",
              "price": "90,000",
              "productname": "iphone 14",
              "count": 2
            }
          ],
          "address": {
            "firstname": "ninika",
            "lastname": "dev",
            "address": "no.23 l street",
            "city": "Chennai",
            "state": "Tamilnadu",
            "pincode": "600021",
            "phoneno": "09092675968"
          }
        },
        {
          "data": "2025-06-19T01:47:59.669Z",
          "products": [
            {
              "id": "3",
              "product_type": "Phone",
              "img_link": "../public/image/phone8.jfif",
              "price": "35,000",
              "productname": "Poco C61",
              "count": 1
            }
          ],
          "address": {
            "firstname": "dhiya",
            "lastname": "yazhini",
            "address": "no. 33 tna sambandham stree mohaligam nagar",
            "city": "chenai",
            "state": "tamilnadu",
            "pincode": "600069",
            "phoneno": "08645783467"
          }
        }
      ]
    },
    {
      "id": "3851",
      "username": "dhiya",
      "email": "dhiya@gmail.com",
      "password": "dhiya1234"
    },
    {
      "id": "e7d1",
      "username": "palani",
      "email": "palani@gmail.com",
      "phone": "9790854963",
      "password": "palani123",
      "addtocard": [
        {
          "id": "3",
          "product_type": "Phone",
          "img_link": "../public/image/phone8.jfif",
          "price": "35,000",
          "productname": "Poco C61",
          "count": 1
        },
        {
          "id": "2",
          "product_type": "Phone",
          "img_link": "../public/image/phone7.jfif",
          "price": "13,500",
          "productname": "One Plus",
          "count": 3
        }
      ],
      "orderdetails": [
        {
          "data": "2025-06-19T02:25:50.514Z",
          "products": [
            {
              "id": "1",
              "product_type": "Phone",
              "img_link": "../public/image/phone6.jfif",
              "price": "11,000",
              "productname": "Vivo V20",
              "count": 1
            }
          ],
          "address": {
            "firstname": "ninika",
            "lastname": "dev",
            "address": "no.23 l street",
            "city": "Chennai",
            "state": "Tamilnadu",
            "pincode": "600021",
            "phoneno": "09092675968"
          }
        }
      ]
    },
    {
      "id": "5c17",
      "username": "gayathri12",
      "email": "gayathri12@gmail.com",
      "phone": "9840321583",
      "password": "12345678",
      "confirmpassword": "12345678"
    },
    {
      "id": "8700",
      "username": "",
      "email": "",
      "phone": "",
      "password": "",
      "confirmpassword": ""
    }
  ],
  "products": [
    {
      "id": "1",
      "product_type": "Phone",
      "img_link": "../public/images/image.png",
      "price": "11,000",
      "productname": "Vivo V20"
    },
    {
      "id": "2",
      "product_type": "Phone",
      "img_link": "../public/images/image2.jpg",
      "price": "13,500",
      "productname": "One Plus"
    },
    {
      "id": "3",
      "product_type": "Phone",
      "img_link": "../public/images/image3.webp",
      "price": "35,000",
      "productname": "Poco C61"
    },
    {
      "id": "4",
      "product_type": "Phone",
      "img_link": "../public/images/image4.webp",
      "price": "90,000",
      "productname": "iphone 14"
    },
    {
      "id": "5",
      "product_type": "Phone",
      "img_link": "../public/images/image5.jpg",
      "price": "16,000",
      "productname": "Vivo V50"
    },
    {
      "id": "6",
      "product_type": "Phone",
      "img_link": "../public/images/image6.webp",
      "price": "92,000",
      "productname": "iphone 14 pro"
    },
    {
      "id": "7",
      "product_type": "Phone",
      "img_link": "../public/images/image7.webp",
      "price": "30,000",
      "productname": "Oppo Reno10 pro+"
    },
    {
      "id": "8",
      "product_type": "Phone",
      "img_link": "../public/images/image8.webp",
      "price": "18,000",
      "productname": "Vivo V40"
    },
    {
      "id": "9",
      "product_type": "Phone",
      "img_link": "../public/images/image9.webp",
      "price": "99,999",
      "productname": "Galaxy A12"
    },
    {
      "id": "10",
      "product_type": "Phone",
      "img_link": "../public/images/image10.webp",
      "price": "1,15,000",
      "productname": "iphone 15"
    },
    {
      "id": "11",
      "product_type": "Phone",
      "img_link": "../public/images/image11.webp",
      "price": "45,000",
      "productname": "Galaxy A54 5g"
    },
    {
      "id": "12",
      "product_type": "Phone",
      "img_link": "../public/images/image12.webp",
      "price": "36,000",
      "productname": "Galaxy F05"
    },
    {
      "id": "13",
      "product_type": "Phone",
      "img_link": "../public/images/image13.webp",
      "price": "27,000",
      "productname": "Oppo Reno7"
    },
    {
      "id": "14",
      "product_type": "Phone",
      "img_link": "../public/images/image14.webp",
      "price": "31,000",
      "productname": "Vivo v57"
    },
    {
      "id": "15",
      "product_type": "Phone",
      "img_link": "../public/images/image15.webp",
      "price": "1,15,000",
      "productname": "iphone 15pro"
    }
  ]
}